Close,5D MA,10D MA,20D MA,30D MA
0.532573,0.529003,0.527826,0.531173,0.553297
0.53887,0.532697,0.528433,0.5318579999999999,0.552553
0.547794,0.5355479999999999,0.5297470000000001,0.532536,0.558503
0.5561729999999999,0.5392170000000001,0.531296,0.53318,0.564948
0.561725,0.543927,0.533552,0.534622,0.579326
0.564601,0.5485869999999999,0.535263,0.535779,0.567675
0.566435,0.552652,0.536998,0.536523,0.561725
0.565592,0.556693,0.53877,0.537101,0.554289
0.564204,0.560188,0.541014,0.537605,0.5580069999999999
0.55999,0.560858,0.543208,0.5382170000000001,0.5582550000000001
0.559098,0.5618489999999999,0.545426,0.539167,0.563213
0.558999,0.562717,0.5477069999999999,0.5398609999999999,0.56123
0.5600890000000001,0.562841,0.549194,0.540778,0.559742
0.560932,0.5625680000000001,0.550892,0.54172,0.562221
0.563312,0.561651,0.5527890000000001,0.5429189999999999,0.570154
0.566584,0.562841,0.555714,0.544455,0.579574
0.5703520000000001,0.564675,0.558664,0.5462239999999999,0.580069
0.573723,0.566906,0.5618,0.548149,0.576599
0.573228,0.56708,0.563634,0.5497029999999999,0.559742
0.570203,0.566758,0.563808,0.551058,0.555032
0.568617,0.5676,0.564725,0.552818,0.571641
0.5648489999999999,0.5676,0.565159,0.554338,0.56123
0.5647,0.5692119999999999,0.566026,0.555867,0.575855
0.56703,0.570129,0.566349,0.557305,0.571393
0.571046,0.570625,0.566138,0.5587340000000001,0.575112
0.574368,0.571492,0.567167,0.5609729999999999,0.58825
0.5776899999999999,0.5712689999999999,0.567972,0.562866,0.577838
0.577541,0.57112,0.569013,0.5649069999999999,0.575112
0.5785819999999999,0.572806,0.569943,0.566691,0.576599
0.577987,0.574517,0.570637,0.567377,0.572137
0.575607,0.574988,0.571294,0.568146,0.5763510000000001
0.571145,0.574417,0.571009,0.568245,0.555528
0.568171,0.572856,0.571034,0.568303,0.560238
0.561874,0.570228,0.570178,0.567642,0.545117
0.5588989999999999,0.568443,0.569534,0.566906,0.5572630000000001
0.5545359999999999,0.565072,0.568282,0.5664680000000001,0.5545359999999999
0.554338,0.562742,0.567005,0.566229,0.5545359999999999
0.555974,0.562072,0.566596,0.5667,0.568418
0.5520079999999999,0.556941,0.564874,0.565609,0.525285
0.541844,0.550372,0.5624439999999999,0.563882,0.506445
0.533366,0.5439510000000001,0.55947,0.56218,0.512147
0.523996,0.539167,0.556792,0.560395,0.507685
0.510312,0.533143,0.553,0.558404,0.5
0.505454,0.5287310000000001,0.549479,0.556363,0.500992
0.510362,0.526103,0.547273,0.555057,0.530987
0.5149729999999999,0.52417,0.544621,0.553578,0.535201
0.519534,0.5217649999999999,0.542253,0.551925,0.5304909999999999
0.527615,0.518964,0.540518,0.550719,0.540407
0.534705,0.520079,0.53851,0.549942,0.5364399999999999
0.533069,0.5217149999999999,0.536044,0.548868,0.522806
0.529648,0.52231,0.533131,0.547083,0.518096
0.527442,0.5234880000000001,0.531327,0.545691,0.51946
0.524219,0.525917,0.5295300000000001,0.543972,0.5242939999999999
0.521046,0.527876,0.528303,0.5422779999999999,0.520575
0.51941,0.526239,0.526171,0.540262,0.514626
0.519559,0.5246029999999999,0.524386,0.537948,0.51884
0.521567,0.524504,0.523135,0.536337,0.5294989999999999
0.523252,0.523736,0.52135,0.534924,0.532722
0.5270199999999999,0.524033,0.5220560000000001,0.5336850000000001,0.539415
0.530293,0.5248510000000001,0.5232829999999999,0.532313,0.530987
0.532524,0.526041,0.524176,0.530768,0.529995
0.531284,0.526425,0.524957,0.5296930000000001,0.523302
0.530144,0.526698,0.526308,0.528586,0.5270199999999999
0.527962,0.5274909999999999,0.527683,0.528033,0.528508
0.528508,0.5294,0.52782,0.5272479999999999,0.533713
0.528805,0.530664,0.527634,0.526479,0.531482
0.5294989999999999,0.530392,0.5274479999999999,0.525554,0.526772
0.53178,0.5309619999999999,0.527349,0.524554,0.538423
0.53535,0.531656,0.527845,0.5252560000000001,0.5463560000000001
0.5332180000000001,0.530863,0.527857,0.52581,0.523054
0.533168,0.530987,0.528514,0.526446,0.531235
0.531482,0.5304909999999999,0.528458,0.5268010000000001,0.5183439999999999
0.525632,0.528706,0.527702,0.527107,0.5091720000000001
0.519038,0.5271939999999999,0.527343,0.52752,0.513386
0.518691,0.525954,0.5276770000000001,0.5271979999999999,0.521319
0.517353,0.5252600000000001,0.527962,0.5268430000000001,0.524541
0.520178,0.52583,0.528111,0.526909,0.532474
0.531507,0.52857,0.529766,0.527756,0.565816
0.5428609999999999,0.530949,0.531303,0.52888,0.570154
0.555255,0.5369729999999999,0.533918,0.530896,0.583292
0.569732,0.543542,0.537265,0.533523,0.5969260000000001
0.581383,0.5507810000000001,0.540636,0.535899,0.590729
0.588349,0.559928,0.544317,0.5384439999999999,0.600645
0.597174,0.570017,0.548606,0.541568,0.614279
0.603718,0.579487,0.552721,0.5449470000000001,0.6160140000000001
0.608478,0.589105,0.557183,0.548343,0.6207239999999999
0.613684,0.597533,0.561682,0.5512520000000001,0.616758
0.615915,0.602132,0.565351,0.553888,0.6118
0.61527,0.606222,0.5685859999999999,0.556276,0.611056
0.6138319999999999,0.608775,0.572874,0.55887,0.608825
0.613039,0.610759,0.57715,0.561763,0.616758
0.6150220000000001,0.6143529999999999,0.5825670000000001,0.565208,0.6266729999999999
0.617848,0.6168819999999999,0.5884050000000001,0.568505,0.62593
0.622955,0.619113,0.594565,0.572108,0.6365890000000001
0.628359,0.621096,0.600291,0.575512,0.635845
0.630887,0.621963,0.605534,0.5787760000000001,0.6294
0.629053,0.622038,0.6097859999999999,0.581801,0.617501
0.626872,0.62236,0.612246,0.584354,0.6150220000000001
0.62241,0.622682,0.614452,0.5866180000000001,0.614279
0.61998,0.62417,0.616472,0.589973,0.623699
0.6157159999999999,0.623302,0.61703,0.592534,0.6080810000000001
0.6147739999999999,0.6219140000000001,0.618133,0.595683,0.612791
0.613138,0.620005,0.6184430000000001,0.598938,0.606842
0.610957,0.616683,0.617898,0.601938,0.603371
0.605206,0.612593,0.616844,0.604392,0.594943
0.6022310000000001,0.608974,0.6154689999999999,0.606681,0.593208
0.599603,0.607189,0.614613,0.60892,0.599653
0.600545,0.606842,0.6146010000000001,0.610445,0.6115520000000001
0.602677,0.606817,0.61475,0.611907,0.614031
0.606346,0.605776,0.614973,0.612907,0.613287
0.6095689999999999,0.6059,0.6146010000000001,0.61332,0.609321
0.613733,0.606668,0.614291,0.614312,0.620476
0.616857,0.608701,0.6143529999999999,0.615196,0.627169
0.62355,0.613114,0.614898,0.6163029999999999,0.647496
0.631706,0.6190260000000001,0.615809,0.617571,0.654065
0.6394890000000001,0.624529,0.616751,0.6184890000000001,0.6482399999999999
0.640729,0.6272310000000001,0.61721,0.618819,0.6266729999999999
0.64063,0.628743,0.617793,0.619315,0.6266729999999999
0.638101,0.630825,0.618821,0.620108,0.634854
0.6344569999999999,0.633081,0.619429,0.621009,0.635845
0.633366,0.636428,0.621164,0.621877,0.642786
0.6379279999999999,0.639328,0.6229979999999999,0.622637,0.649479
0.640258,0.640444,0.624572,0.62305,0.638324
0.644422,0.641262,0.627188,0.623686,0.6556770000000001
0.646059,0.640258,0.629642,0.623959,0.644026
0.646356,0.639861,0.632195,0.624455,0.644274
0.646108,0.642018,0.634624,0.625479,0.6482399999999999
0.648339,0.6442979999999999,0.636521,0.626628,0.649479
0.647546,0.645984,0.638405,0.627876,0.65171
0.6472479999999999,0.6466529999999999,0.639867,0.628504,0.642538
0.6468020000000001,0.646579,0.6415029999999999,0.629636,0.642043
0.646059,0.646083,0.642706,0.6306930000000001,0.644522
0.644571,0.646455,0.6434489999999999,0.631867,0.642043
0.641249,0.6443979999999999,0.64283,0.6329239999999999,0.635102
0.6397619999999999,0.643505,0.641882,0.634263,0.635102
0.6398119999999999,0.643307,0.641584,0.635899,0.642291
0.639018,0.642538,0.642278,0.637262,0.640555
0.639514,0.642043,0.643171,0.638361,0.644522
0.640407,0.640828,0.643406,0.639213,0.639564
0.642117,0.64094,0.643796,0.640225,0.643654
0.643257,0.641534,0.644057,0.641514,0.647992
0.644943,0.641981,0.6440319999999999,0.642464,0.648984
0.6452399999999999,0.6423770000000001,0.644416,0.643092,0.646009
0.648166,0.6442859999999999,0.644342,0.643315,0.654189
0.648686,0.645402,0.6444529999999999,0.643055,0.646257
0.663411,0.653334,0.648321,0.645501,0.721616
0.679474,0.662209,0.652374,0.648922,0.729301
0.695538,0.670389,0.656216,0.652243,0.726326
0.70828,0.6782229999999999,0.659525,0.655012,0.7178979999999999
0.721963,0.685325,0.6631319999999999,0.6576390000000001,0.714675
0.724641,0.694026,0.66778,0.660713,0.735002
0.7265739999999999,0.703024,0.672502,0.663696,0.738969
0.733466,0.7145020000000001,0.6784399999999999,0.667778,0.760783
0.74115,0.724715,0.6845,0.671133,0.756321
0.748438,0.735201,0.690301,0.6747029999999999,0.751116
0.746653,0.735647,0.694491,0.677429,0.726078
0.74348,0.7350270000000001,0.6986180000000001,0.679925,0.723104
0.736738,0.735102,0.702745,0.682511,0.72707
0.73292,0.737035,0.707629,0.685362,0.7372340000000001
0.729549,0.7389939999999999,0.712159,0.688419,0.734259
0.735151,0.7409020000000001,0.717464,0.692154,0.7540899999999999
0.7403069999999999,0.7418939999999999,0.722459,0.695633,0.748884
0.7437779999999999,0.740258,0.72738,0.6990460000000001,0.744422
0.742092,0.737506,0.731111,0.7021689999999999,0.728805
0.7415470000000001,0.735548,0.735374,0.705383,0.731532
0.73763,0.736391,0.736019,0.708457,0.734507
0.7328210000000001,0.736564,0.735796,0.711267,0.724839
0.7277140000000001,0.735746,0.735424,0.713746,0.718889
0.728012,0.735052,0.7360439999999999,0.71677,0.7302930000000001
0.729152,0.73535,0.737172,0.719889,0.7372340000000001
0.72945,0.73354,0.737221,0.722823,0.7359939999999999
0.735746,0.734284,0.738089,0.7264010000000001,0.756321
0.747397,0.737556,0.738907,0.730772,0.777144
0.756371,0.7421909999999999,0.739849,0.734804,0.775161
0.765146,0.747149,0.7413489999999999,0.7392989999999999,0.781111
0.774467,0.751958,0.744175,0.741332,0.7825979999999999
0.779871,0.7578090000000001,0.747186,0.743133,0.783342
0.782697,0.765047,0.750397,0.7452979999999999,0.791274
0.7860189999999999,0.771195,0.753123,0.747761,0.79177
0.789192,0.777169,0.756259,0.750504,0.796976
0.790927,0.782697,0.7581180000000001,0.75238,0.791274
0.792266,0.786068,0.7601760000000001,0.7540819999999999,0.790035
0.790729,0.786713,0.762134,0.754842,0.783589
0.787754,0.786886,0.7645390000000001,0.755528,0.776896
0.785424,0.787308,0.767229,0.756668,0.785325
0.7836390000000001,0.787283,0.769621,0.758544,0.78235
0.7836390000000001,0.7879520000000001,0.772881,0.760775,0.790035
0.793654,0.792191,0.778619,0.764328,0.833664
0.8015369999999999,0.794646,0.78292,0.766964,0.816311
0.806049,0.795736,0.786453,0.769418,0.807883
0.811254,0.797447,0.790072,0.771228,0.808379
0.81175,0.7976949999999999,0.791882,0.772682,0.792514
0.79886,0.796257,0.791485,0.773509,0.769212
0.7884479999999999,0.7949930000000001,0.79094,0.77469,0.764254
0.78587,0.795959,0.7916340000000001,0.776805,0.7949930000000001
0.784284,0.797769,0.7925260000000001,0.779003,0.800446
0.785523,0.798637,0.7932939999999999,0.781466,0.798711
0.789489,0.794175,0.793183,0.783804,0.789043
0.7968770000000001,0.792662,0.793654,0.786168,0.80119
0.7962319999999999,0.7910510000000001,0.7933939999999999,0.787985,0.79177
0.8006939999999999,0.792489,0.794968,0.790878,0.822757
0.805503,0.795513,0.796604,0.793092,0.822757
0.812395,0.800942,0.798599,0.794637,0.8235
0.8153199999999999,0.806098,0.800545,0.795992,0.815816
0.8196829999999999,0.8079569999999999,0.801958,0.797075,0.813585
0.819881,0.810288,0.804028,0.798447,0.8237479999999999
0.820674,0.8130890000000001,0.805863,0.7998930000000001,0.826723
0.820674,0.816534,0.805354,0.800967,0.8235
0.8211200000000001,0.81822,0.805441,0.8018430000000001,0.8180470000000001
0.8221620000000001,0.8209219999999999,0.805987,0.80257,0.81879
0.8178479999999999,0.818865,0.8056770000000001,0.802933,0.802181
0.8140310000000001,0.817353,0.806433,0.80352,0.807635
0.808081,0.8143779999999999,0.80766,0.803859,0.7937529999999999
0.802578,0.8118489999999999,0.808974,0.8043130000000001,0.7905300000000001
0.79177,0.806966,0.807462,0.8036270000000001,0.76475
0.7859689999999999,0.801909,0.806098,0.803322,0.7731779999999999
0.7791819999999999,0.796606,0.804848,0.8027770000000001,0.773699
0.774522,0.791301,0.803918,0.80067,0.770451
0.775265,0.788922,0.803571,0.7999350000000001,0.794249
0.782157,0.786963,0.8039430000000001,0.799646,0.799207
0.788701,0.787335,0.8031,0.799563,0.8059
0.796579,0.787881,0.802617,0.800249,0.8130890000000001
0.803322,0.788922,0.80165,0.8014140000000001,0.804165
0.804809,0.790037,0.8009430000000001,0.802662,0.801686
0.8086270000000001,0.795392,0.801179,0.803438,0.818294
0.811353,0.800027,0.800968,0.804075,0.819534
0.8096180000000001,0.803099,0.7998529999999999,0.804265,0.804412
0.8124939999999999,0.807908,0.799605,0.805248,0.818542
0.816658,0.8107340000000001,0.799828,0.805959,0.822509
0.817353,0.81299,0.799976,0.806958,0.821765
0.818096,0.814725,0.80103,0.806975,0.8232520000000001
0.8210209999999999,0.8153199999999999,0.8016,0.806851,0.819038
0.818443,0.815469,0.802195,0.8062560000000001,0.805652
0.813832,0.815245,0.8026409999999999,0.805711,0.799455
0.816163,0.816758,0.806075,0.806372,0.8334159999999999
0.818394,0.818245,0.809136,0.8067270000000001,0.834408
0.8221620000000001,0.821591,0.812345,0.807099,0.837878
0.8259299999999999,0.8221860000000001,0.8150470000000001,0.807132,0.824492
0.830838,0.822335,0.816534,0.80733,0.823996
0.8320280000000001,0.824095,0.818542,0.808016,0.8393649999999999
0.8294739999999999,0.823934,0.8193290000000001,0.808665,0.821641
0.8240700000000001,0.823116,0.819218,0.808772,0.810858
0.8229799999999999,0.8244549999999999,0.8199620000000001,0.809615,0.819038
0.8193600000000001,0.825099,0.8201719999999999,0.810127,0.8059
0.814056,0.823042,0.8199,0.8117300000000001,0.812841
0.814279,0.8218770000000001,0.820061,0.813383,0.822757
0.817501,0.820786,0.821189,0.815159,0.8269709999999999
0.817105,0.820042,0.8211139999999999,0.816712,0.817055
0.81765,0.818505,0.82042,0.817191,0.8086270000000001
0.816014,0.8150350000000001,0.819565,0.8173729999999999,0.80466
0.814576,0.814427,0.819181,0.817695,0.8155680000000001
0.809817,0.813659,0.818387,0.817365,0.8031729999999999
0.806346,0.811725,0.81809,0.8172159999999999,0.7997029999999999
0.8015869999999999,0.8096180000000001,0.8173590000000001,0.816654,0.784829
0.7992560000000001,0.807635,0.815338,0.815811,0.793009
0.7962319999999999,0.805404,0.8136399999999999,0.815175,0.800446
0.794447,0.802132,0.811459,0.814836,0.794249
0.795786,0.801066,0.810554,0.814431,0.806396
0.7987609999999999,0.8001739999999999,0.809339,0.813671,0.7997029999999999
0.800248,0.799752,0.807393,0.8129609999999999,0.800446
0.786217,0.791225,0.802826,0.809862,0.7302930000000001
0.772583,0.783515,0.7985869999999999,0.806763,0.726078
0.749777,0.772781,0.792253,0.802987,0.692365
0.718443,0.758602,0.7841100000000001,0.797773,0.643034
0.690778,0.745513,0.776574,0.792063,0.662122
0.676351,0.731284,0.7683439999999999,0.786188,0.6581560000000001
0.660833,0.716708,0.75942,0.779875,0.6484880000000001
0.652454,0.701116,0.751091,0.774075,0.650471
0.655825,0.687134,0.743654,0.768604,0.659891
0.654883,0.6728310000000001,0.7362920000000001,0.7625390000000001,0.657412
0.658701,0.6675260000000001,0.729375,0.757726,0.677243
0.663213,0.6620229999999999,0.722769,0.753066,0.671046
0.665146,0.6588,0.715791,0.7477689999999999,0.660139
0.664353,0.660089,0.709346,0.7427699999999999,0.655925
0.662667,0.658775,0.702144,0.737308,0.648984
0.660932,0.659817,0.69555,0.732168,0.668567
0.665989,0.664601,0.690654,0.7278140000000001,0.696331
0.669559,0.667353,0.684234,0.723178,0.677987
0.674616,0.669484,0.678309,0.718931,0.68121
0.681805,0.672236,0.672533,0.7149399999999999,0.684928
0.68939,0.675161,0.6713439999999999,0.711304,0.706495
0.693109,0.679549,0.670786,0.7083619999999999,0.714923
0.700892,0.685226,0.672013,0.7056020000000001,0.716906
0.708329,0.691472,0.6757810000000001,0.703388,0.718394
0.715568,0.6986859999999999,0.6787310000000001,0.7009920000000001,0.72112
0.720625,0.7050069999999999,0.682412,0.698703,0.73178
0.723946,0.7085279999999999,0.6865640000000001,0.696612,0.731532
0.724641,0.712766,0.690059,0.693745,0.720377
0.725087,0.716708,0.693096,0.691109,0.720625
0.714527,0.715047,0.693642,0.686705,0.668319
0.706445,0.713535,0.694348,0.685407,0.6913729999999999
0.697918,0.710932,0.69524,0.684168,0.688894
0.695141,0.7098909999999999,0.697558,0.684639,0.706495
0.691968,0.7085279999999999,0.7,0.686696,0.70476
0.6949930000000001,0.70476,0.701723,0.687407,0.683441
0.694695,0.70057,0.702789,0.688465,0.689886
0.693555,0.695736,0.702132,0.6896220000000001,0.683193
0.687357,0.691249,0.702008,0.6904560000000001,0.675508
0.681458,0.686713,0.7017100000000001,0.690968,0.6752600000000001
0.678433,0.686713,0.7008800000000001,0.691332,0.668319
0.6707489999999999,0.682722,0.698128,0.690473,0.651463
0.663064,0.678309,0.694621,0.689597,0.6447689999999999
0.655578,0.6714680000000001,0.690679,0.688861,0.638076
0.650967,0.666212,0.68737,0.688737,0.6522060000000001
0.645265,0.661849,0.683304,0.6884319999999999,0.6398119999999999
0.642588,0.656668,0.678619,0.687415,0.638076
0.638969,0.651016,0.673376,0.6850930000000001,0.6266729999999999
0.63644,0.646009,0.668629,0.683342,0.625434
0.6288050000000001,0.639886,0.663299,0.6811020000000001,0.614031
0.625434,0.63535,0.661031,0.679037,0.622955
0.6261770000000001,0.634383,0.658552,0.67688,0.641795
0.631482,0.6352260000000001,0.656767,0.674822,0.653198
0.641051,0.638746,0.655107,0.6733680000000001,0.673277
0.652405,0.640605,0.653409,0.671782,0.670798
0.666534,0.645984,0.653917,0.670864,0.693604
0.674417,0.650297,0.653483,0.669179,0.68121
0.67888,0.655181,0.653099,0.667311,0.675508
0.681408,0.66123,0.653619,0.6661630000000001,0.68592
0.685275,0.66884,0.654363,0.665146,0.690134
0.681111,0.673823,0.654586,0.665295,0.6727810000000001
0.680813,0.677615,0.655999,0.664907,0.679722
0.677938,0.678409,0.656817,0.663981,0.66113
0.676797,0.679103,0.658924,0.663105,0.680218
0.6715909999999999,0.678433,0.659519,0.66175,0.6641050000000001
0.6727810000000001,0.676946,0.661465,0.661593,0.6787310000000001
0.67293,0.676872,0.6635850000000001,0.661279,0.680466
0.675359,0.6766479999999999,0.6659149999999999,0.660949,0.673277
0.673624,0.675211,0.66822,0.660816,0.671542
0.6765,0.674046,0.671443,0.660924,0.678483
0.6728810000000001,0.6728310000000001,0.673327,0.660668,0.6606350000000001
0.67174,0.672335,0.674975,0.6614439999999999,0.674765
0.683589,0.679474,0.678941,0.66437,0.732524
0.693654,0.683639,0.681371,0.667162,0.7218640000000001
0.70233,0.689415,0.683924,0.669484,0.7218640000000001
0.71527,0.694075,0.685511,0.672335,0.7253350000000001
0.725384,0.698562,0.687717,0.675244,0.7253350000000001
0.7197319999999999,0.701661,0.6891550000000001,0.67783,0.704264
0.718889,0.706272,0.6907409999999999,0.680904,0.71765
0.717947,0.7101390000000001,0.692092,0.684341,0.717154
0.715568,0.7154189999999999,0.694125,0.687357,0.713436
0.716014,0.720699,0.696517,0.6902159999999999,0.7275659999999999
0.7206739999999999,0.7202029999999999,0.699839,0.692695,0.7275659999999999
0.718493,0.718691,0.7011649999999999,0.693811,0.706743
0.715667,0.716807,0.7031109999999999,0.6948850000000001,0.703024
0.713733,0.71465,0.704363,0.695224,0.7037680000000001
0.708924,0.7124689999999999,0.705516,0.695968,0.70352
0.7018340000000001,0.7112539999999999,0.706458,0.6965210000000001,0.692117
0.699653,0.709073,0.7076720000000001,0.696852,0.695835
0.698562,0.7071149999999999,0.708627,0.6971,0.697571
0.6972729999999999,0.705503,0.710461,0.697918,0.6973229999999999
0.698661,0.703793,0.712246,0.698942,0.710461
0.700496,0.7011649999999999,0.710684,0.700281,0.701289
0.700347,0.7,0.709346,0.7007770000000001,0.695092
0.698364,0.6984630000000001,0.707635,0.701562,0.687655
0.697719,0.697496,0.706073,0.702074,0.6941
0.695042,0.696852,0.7046600000000001,0.7026279999999999,0.697075
0.693505,0.697,0.7041270000000001,0.7033050000000001,0.693604
0.692762,0.696554,0.702814,0.703966,0.6913729999999999
0.694745,0.696554,0.7018340000000001,0.704603,0.697571
0.695786,0.696753,0.701128,0.705892,0.6993060000000001
0.691423,0.693233,0.698513,0.705908,0.6752600000000001
0.68592,0.689712,0.695439,0.7036939999999999,0.666088
0.678235,0.6854979999999999,0.692749,0.701396,0.65295
0.667625,0.681185,0.689824,0.698818,0.644522
0.654983,0.675384,0.6864399999999999,0.6958439999999999,0.636093
0.647595,0.669509,0.68318,0.692943,0.638324
0.647199,0.666559,0.68178,0.691605,0.6641050000000001
0.647893,0.663064,0.679809,0.6895640000000001,0.65642
0.650471,0.659048,0.677801,0.6875720000000001,0.657412
0.652355,0.653669,0.675211,0.685308,0.645513
0.6528010000000001,0.6501979999999999,0.671715,0.682408,0.640555
0.650818,0.649008,0.6693600000000001,0.679962,0.654189
0.650025,0.6489590000000001,0.667229,0.6781520000000001,0.652454
0.6506689999999999,0.65057,0.665878,0.676739,0.6606350000000001
0.653892,0.653123,0.664254,0.675335,0.661626
0.659742,0.6562720000000001,0.66289,0.674211,0.6698069999999999
0.661428,0.656123,0.661341,0.6732279999999999,0.662618
0.665097,0.657561,0.660312,0.672393,0.670798
0.667377,0.6590229999999999,0.659036,0.671542,0.672038
0.6663859999999999,0.660139,0.656904,0.670187,0.656668
0.666435,0.663089,0.656644,0.66884,0.6700550000000001
0.665642,0.663535,0.6562720000000001,0.667419,0.658651
0.663361,0.664229,0.656594,0.666229,0.659395
0.6614770000000001,0.664427,0.657499,0.6653939999999999,0.662618
0.662122,0.664254,0.6586890000000001,0.664254,0.659891
0.658255,0.662345,0.659308,0.662709,0.6507189999999999
0.6541399999999999,0.659891,0.658007,0.660858,0.638076
0.65057,0.6569659999999999,0.657263,0.659197,0.641547
0.6457609999999999,0.653619,0.656321,0.65723,0.638572
0.640456,0.651289,0.655714,0.655032,0.633366
0.6379279999999999,0.648091,0.65559,0.6537930000000001,0.638076
0.637779,0.6459590000000001,0.6547470000000001,0.652834,0.637333
0.635151,0.642861,0.6535449999999999,0.652016,0.628409
0.633763,0.6397619999999999,0.652095,0.651587,0.631631
0.633069,0.636763,0.650508,0.6513800000000001,0.629896
0.6310359999999999,0.634482,0.648413,0.651033,0.627913
0.633242,0.6355109999999999,0.647701,0.650508,0.648364
0.634333,0.634742,0.645854,0.649756,0.633862
0.639192,0.6364770000000001,0.645048,0.6497069999999999,0.655925
0.642861,0.637965,0.6446270000000001,0.649798,0.6482399999999999
0.646728,0.638882,0.643487,0.650021,0.6472479999999999
0.64586,0.639551,0.642755,0.649682,0.644026
0.6507189999999999,0.642526,0.6426930000000001,0.649872,0.6581560000000001
0.651413,0.645302,0.642532,0.649831,0.659395
0.6522560000000001,0.647558,0.6421600000000001,0.649525,0.652454
0.6526029999999999,0.6496649999999999,0.642074,0.648831,0.648984
0.654983,0.650421,0.642966,0.648608,0.655925
0.654784,0.652752,0.6437470000000001,0.648153,0.6571640000000001
0.6579079999999999,0.65466,0.645569,0.648252,0.675012
0.661824,0.65704,0.647502,0.6487649999999999,0.672038
0.6674760000000001,0.66004,0.649461,0.649004,0.677243
0.671195,0.663089,0.65132,0.649533,0.674517
0.6751119999999999,0.664948,0.653737,0.650112,0.6767479999999999
0.679177,0.668542,0.656922,0.6512020000000001,0.69534
0.6830689999999999,0.672447,0.6600020000000001,0.6522560000000001,0.691497
0.6852010000000001,0.676339,0.6630020000000001,0.6534949999999999,0.6879029999999999
0.6879770000000001,0.6795859999999999,0.665004,0.655173,0.688399
0.693431,0.684271,0.668511,0.657255,0.704016
0.697893,0.688535,0.6715979999999999,0.659891,0.71765
0.70238,0.692724,0.674882,0.662576,0.713932
0.707338,0.6962689999999999,0.678154,0.665064,0.712692
0.711601,0.699789,0.681439,0.6674760000000001,0.709717
0.7118,0.702615,0.683782,0.67003,0.7050069999999999
0.708329,0.7031109999999999,0.6858270000000001,0.672319,0.7002970000000001
0.704214,0.7032970000000001,0.687872,0.674434,0.6933560000000001
0.701487,0.704412,0.690376,0.676805,0.699058
0.698116,0.704859,0.692222,0.678289,0.692861
0.695786,0.703793,0.694032,0.680272,0.6933560000000001
0.6948439999999999,0.701587,0.6950609999999999,0.6815939999999999,0.695588
0.694001,0.699108,0.695916,0.6829569999999999,0.689142
0.690481,0.695984,0.696127,0.684098,0.681458
0.6873819999999999,0.692749,0.6962689999999999,0.6852090000000001,0.677367
0.681631,0.688708,0.695662,0.685424,0.664601
0.67355,0.684197,0.693654,0.685283,0.655181
0.6677489999999999,0.680875,0.692086,0.6855399999999999,0.660139
0.661651,0.676066,0.690239,0.685606,0.650967
0.657883,0.672633,0.688746,0.685692,0.658528
0.656767,0.669199,0.686496,0.685754,0.6590229999999999
0.657561,0.665555,0.683571,0.685226,0.659147
0.657561,0.662655,0.6808810000000001,0.684829,0.660139
0.6615770000000001,0.661614,0.6787989999999999,0.6846220000000001,0.671046
0.665617,0.66175,0.67725,0.684763,0.6787310000000001
0.668146,0.662457,0.675583,0.684593,0.671666
0.667154,0.662357,0.673277,0.683222,0.654189
0.667303,0.662432,0.671653,0.6822010000000001,0.660882
0.6624939999999999,0.662035,0.6690510000000001,0.680838,0.647
0.654165,0.659891,0.666262,0.679127,0.637085
0.644422,0.656284,0.662742,0.676425,0.622955
0.6423399999999999,0.6547470000000001,0.660151,0.673963,0.643778
0.6383489999999999,0.652826,0.65774,0.671529,0.640927
0.6392909999999999,0.650892,0.656253,0.669497,0.65171
0.642018,0.648091,0.654921,0.6675300000000001,0.6507189999999999
0.6487109999999999,0.646567,0.654512,0.6659109999999999,0.65642
0.653718,0.648029,0.655193,0.6648609999999999,0.6688149999999999
0.658602,0.648475,0.655454,0.663927,0.665345
0.662866,0.6510779999999999,0.656557,0.66306,0.673029
0.667724,0.654871,0.657381,0.662465,0.675012
0.671691,0.660201,0.658242,0.661895,0.6762520000000001
0.67588,0.664799,0.6597729999999999,0.661701,0.689762
0.679846,0.6692239999999999,0.661025,0.661568,0.685176
0.678409,0.670637,0.6607649999999999,0.661048,0.66584
0.685052,0.676388,0.6622399999999999,0.662077,0.70823
0.692538,0.6821149999999999,0.664341,0.663713,0.713684
0.694298,0.6850890000000001,0.666559,0.6651590000000001,0.698562
0.699851,0.6898489999999999,0.669162,0.6669189999999999,0.71294
0.710164,0.694286,0.672682,0.669133,0.7174020000000001
0.7128899999999999,0.698971,0.676921,0.671244,0.7218640000000001
0.715072,0.703805,0.682003,0.67343,0.724591
0.7197319999999999,0.707015,0.6859069999999999,0.675521,0.7218640000000001
0.722137,0.710994,0.690109,0.6776810000000001,0.724963
0.722781,0.716472,0.693555,0.679334,0.720625
0.722087,0.717489,0.6969390000000001,0.680656,0.718394
0.719807,0.717439,0.6997770000000001,0.68204,0.713188
0.718989,0.71936,0.702225,0.68416,0.717774
0.716386,0.7192609999999999,0.704555,0.685862,0.7119479999999999
0.715146,0.718964,0.706625,0.688109,0.714427
0.714204,0.718146,0.708559,0.690663,0.713684
0.715345,0.717576,0.7106899999999999,0.693861,0.718889
0.714328,0.716658,0.7118369999999999,0.6961579999999999,0.712692
0.715072,0.715729,0.7133609999999999,0.698649,0.715667
0.716212,0.715679,0.716076,0.70093,0.720129
0.715915,0.715059,0.716274,0.702979,0.712196
0.715221,0.715283,0.7163609999999999,0.7049449999999999,0.7154189999999999
0.719236,0.7167819999999999,0.718071,0.7070770000000001,0.732771
0.7197819999999999,0.717427,0.718344,0.708846,0.718394
0.720749,0.71848,0.718722,0.710577,0.724963
0.721889,0.718902,0.7185239999999999,0.712006,0.7178979999999999
0.724715,0.719968,0.7187720000000001,0.713783,0.729549
0.7213930000000001,0.7203149999999999,0.718487,0.714663,0.716163
0.7193109999999999,0.719546,0.717638,0.7154229999999999,0.707982
0.712196,0.716472,0.716076,0.716208,0.68939
0.7050069999999999,0.713448,0.714254,0.715332,0.6819529999999999
0.692538,0.708627,0.711955,0.713783,0.667204
0.6851510000000001,0.703272,0.7100270000000001,0.713138,0.679227
0.679945,0.699628,0.7085279999999999,0.712105,0.6819529999999999
0.678954,0.695575,0.707028,0.711006,0.6844319999999999
0.6798960000000001,0.6924520000000001,0.705677,0.709833,0.686663
0.685027,0.688783,0.704375,0.708775,0.692861
0.687655,0.686403,0.7033590000000001,0.707792,0.692365
0.69063,0.685288,0.702417,0.706854,0.6968270000000001
0.693629,0.686292,0.701382,0.706148,0.69943
0.696282,0.6880890000000001,0.7007680000000001,0.7055319999999999,0.699926
0.697124,0.691076,0.699851,0.7049949999999999,0.697075
0.696381,0.692018,0.697645,0.704024,0.688647
0.693034,0.691832,0.6957300000000001,0.702962,0.680094
0.686763,0.690196,0.6928850000000001,0.701417,0.668071
0.682276,0.689279,0.690865,0.7002109999999999,0.677491
0.679797,0.688461,0.6886220000000001,0.69907,0.6846800000000001
0.677863,0.687122,0.686763,0.697947,0.678979
0.675211,0.684122,0.684705,0.6963189999999999,0.666832
0.673624,0.680193,0.683242,0.6943189999999999,0.660139
0.6680470000000001,0.675161,0.681625,0.692233,0.6496029999999999
0.656445,0.668121,0.6795979999999999,0.689275,0.6266729999999999
0.6477189999999999,0.662791,0.677405,0.686027,0.63535
0.641522,0.658366,0.675099,0.683275,0.635845
0.639836,0.65673,0.673463,0.680834,0.65171
0.6432329999999999,0.65564,0.672459,0.6791229999999999,0.6665840000000001
0.6516609999999999,0.654053,0.671257,0.677099,0.6688149999999999
0.659841,0.65378,0.670451,0.675768,0.6762520000000001
0.665741,0.653632,0.668877,0.674347,0.665345
0.663956,0.651896,0.666045,0.672794,0.642786
0.6605850000000001,0.651909,0.663535,0.67172,0.649727
0.654784,0.653223,0.660672,0.670806,0.6398119999999999
0.6498510000000001,0.654846,0.6588189999999999,0.6698850000000001,0.651587
0.6499010000000001,0.657821,0.658094,0.6693399999999999,0.665592
0.653123,0.65854,0.6576350000000001,0.668489,0.658899
0.655404,0.657995,0.656817,0.6676380000000001,0.66113
0.661403,0.658094,0.6560729999999999,0.6668689999999999,0.6698069999999999
0.665196,0.657524,0.655652,0.666142,0.67055
0.667675,0.658788,0.6562100000000001,0.665514,0.677987
0.6704760000000001,0.6618,0.656848,0.66463,0.672905
0.6727069999999999,0.6640560000000001,0.657982,0.663708,0.6722859999999999
0.6736989999999999,0.667551,0.660387,0.6629649999999999,0.674765
0.675583,0.670389,0.662618,0.662676,0.67997
0.675087,0.671381,0.664601,0.662523,0.675508
0.675905,0.67319,0.6658649999999999,0.66282,0.676996
0.677194,0.67495,0.6664720000000001,0.662862,0.6787310000000001
0.677293,0.675496,0.666795,0.6625479999999999,0.6752600000000001
0.676946,0.6762640000000001,0.666894,0.662523,0.678235
0.679921,0.677504,0.668146,0.663308,0.6903819999999999
0.667377,0.6716409999999999,0.66672,0.661779,0.614279
0.653471,0.6653319999999999,0.664694,0.660432,0.609197
0.6414479999999999,0.65937,0.663461,0.660048,0.615146
0.629375,0.653161,0.661775,0.659465,0.617873
0.610436,0.645178,0.65828,0.658127,0.595687
0.607313,0.6373449999999999,0.6552680000000001,0.656358,0.598661
0.6036189999999999,0.628545,0.651748,0.65383,0.590729
0.599479,0.620464,0.64798,0.651351,0.5944470000000001
0.594001,0.611688,0.643976,0.648492,0.590481
0.594596,0.6025159999999999,0.6400100000000001,0.646269,0.598661
0.596182,0.601748,0.636694,0.645063,0.606594
0.599108,0.601363,0.6333479999999999,0.643584,0.605354
0.602677,0.601078,0.630224,0.642667,0.612295
0.6066189999999999,0.60031,0.626735,0.6412869999999999,0.6101880000000001
0.607412,0.601004,0.623091,0.639188,0.6026279999999999
0.606222,0.601202,0.619274,0.637246,0.600645
0.606272,0.60269,0.615617,0.6353949999999999,0.6056020000000001
0.604388,0.603532,0.6119979999999999,0.6331640000000001,0.602876
0.6022810000000001,0.60445,0.608069,0.6308010000000001,0.599653
0.598959,0.6031850000000001,0.602851,0.627735,0.586019
0.598463,0.6023430000000001,0.6020449999999999,0.6252439999999999,0.598166
0.6001489999999999,0.60321,0.602287,0.623302,0.614031
0.603446,0.603917,0.602498,0.621455,0.61936
0.6102380000000001,0.606259,0.6032850000000001,0.6199100000000001,0.633614
0.6189640000000001,0.608961,0.6049829999999999,0.6183810000000001,0.629648
0.626153,0.612308,0.606755,0.6169520000000001,0.6341100000000001
0.6315069999999999,0.6158279999999999,0.609259,0.615687,0.640803
0.634903,0.619175,0.6113529999999999,0.61439,0.6363409999999999
0.636837,0.623537,0.6139939999999999,0.613225,0.643282
0.638969,0.628966,0.6160760000000001,0.611556,0.640307
0.640283,0.6332180000000001,0.61778,0.612436,0.640679
0.638894,0.635201,0.619206,0.613258,0.633862
0.638027,0.636465,0.6201909999999999,0.61382,0.632003
0.636217,0.6365270000000001,0.6213930000000001,0.6143649999999999,0.634234
0.6351760000000001,0.637072,0.623017,0.615679,0.635102
0.632077,0.63618,0.6242439999999999,0.616563,0.625186
0.631681,0.635288,0.625558,0.617935,0.631879
0.6315069999999999,0.634767,0.6269710000000001,0.619158,0.631135
0.631185,0.6337010000000001,0.6286189999999999,0.620563,0.6326229999999999
0.630987,0.633081,0.631024,0.621744,0.6341100000000001
0.632771,0.632424,0.632821,0.6226619999999999,0.6341100000000001
0.631582,0.631631,0.633416,0.623347,0.62593
0.629351,0.630429,0.633447,0.623604,0.61998
0.628061,0.6296229999999999,0.633075,0.6241369999999999,0.6261770000000001
0.6354489999999999,0.6332180000000001,0.635145,0.626417,0.671046
0.646505,0.639638,0.6379090000000001,0.629375,0.68939
0.659346,0.645464,0.6403760000000001,0.632193,0.690134
0.672484,0.650917,0.642842,0.634953,0.6856720000000001
0.6837880000000001,0.655925,0.644813,0.637721,0.682697
0.686539,0.660994,0.647038,0.6410140000000001,0.684804
0.685027,0.665766,0.649095,0.643803,0.681829
0.683689,0.671517,0.651574,0.646116,0.683441
0.684184,0.678334,0.654382,0.648409,0.6881510000000001
0.685721,0.684755,0.657189,0.650302,0.6903819999999999
0.686688,0.6866140000000001,0.659916,0.652301,0.689638
0.6894399999999999,0.687234,0.6634359999999999,0.654351,0.695588
0.693654,0.688671,0.667067,0.656474,0.704512
0.697422,0.690803,0.67086,0.658829,0.706991
0.701587,0.693654,0.6747890000000001,0.661093,0.711205
0.7060489999999999,0.696368,0.6786810000000001,0.663481,0.7119479999999999
0.7094699999999999,0.699455,0.68261,0.665882,0.712692
0.709073,0.701363,0.6864399999999999,0.668171,0.702529
0.710759,0.70409,0.6912119999999999,0.6709510000000001,0.7154189999999999
0.711353,0.7064699999999999,0.695612,0.673616,0.714179
0.7106100000000001,0.708329,0.697471,0.676054,0.70823
0.710907,0.710188,0.698711,0.67902,0.714179
0.713436,0.7112539999999999,0.699963,0.681796,0.715171
0.71532,0.713039,0.701921,0.68492,0.724839
0.7163609999999999,0.713857,0.703756,0.687812,0.719385
0.720997,0.715803,0.706086,0.691055,0.731408
0.722137,0.716522,0.7079880000000001,0.693914,0.719881
0.723475,0.7184560000000001,0.70991,0.697112,0.7218640000000001
0.723723,0.719522,0.711806,0.700649,0.726078
0.7257060000000001,0.7210340000000001,0.713752,0.704086,0.729301
0.725186,0.723091,0.7157100000000001,0.7060109999999999,0.728805
0.726425,0.7242810000000001,0.7172350000000001,0.707234,0.726078
0.7272430000000001,0.725359,0.7183069999999999,0.708428,0.725954
0.727541,0.7256319999999999,0.719336,0.709825,0.7275659999999999
0.728334,0.72702,0.720439,0.7115100000000001,0.733267
0.729772,0.727479,0.721641,0.713217,0.7359939999999999
0.732176,0.729301,0.722912,0.715093,0.738101
0.73587,0.731557,0.725006,0.717125,0.744422
0.739241,0.733391,0.726456,0.719001,0.744422
0.7429600000000001,0.735647,0.72834,0.72105,0.751859
0.748413,0.739093,0.731092,0.723504,0.763262
0.75057,0.741373,0.732827,0.7252810000000001,0.748884
0.751636,0.743753,0.734556,0.726789,0.7497520000000001
0.754462,0.7468520000000001,0.736242,0.728508,0.758552
0.7548590000000001,0.748909,0.737965,0.729929,0.753842
0.752181,0.750297,0.738888,0.731193,0.749876
0.754115,0.752343,0.740822,0.732722,0.758552
0.75466,0.7531479999999999,0.7423529999999999,0.734387,0.752479
0.7520819999999999,0.753272,0.743332,0.735395,0.7456619999999999
0.751686,0.753272,0.74446,0.7366510000000001,0.751859
0.754214,0.7531979999999999,0.746145,0.7384609999999999,0.762519
0.7558010000000001,0.754958,0.748166,0.740204,0.7664850000000001
0.759246,0.756953,0.7503529999999999,0.7420220000000001,0.7697069999999999
0.76465,0.758366,0.752609,0.743617,0.772682
0.768567,0.760126,0.754518,0.745352,0.771443
0.771046,0.76263,0.756464,0.7468020000000001,0.774913
0.7724840000000001,0.764142,0.758242,0.748595,0.773674
0.7731779999999999,0.766212,0.75968,0.750306,0.7731779999999999
0.7743180000000001,0.7694840000000001,0.761378,0.752049,0.778384
0.773228,0.770897,0.762085,0.753272,0.765989
0.7706,0.7708229999999999,0.7620100000000001,0.754371,0.761775
0.768914,0.770699,0.762828,0.755677,0.765245
0.769807,0.771492,0.764223,0.7574,0.77764
0.769509,0.771914,0.7651399999999999,0.7590439999999999,0.776896
0.7722859999999999,0.7727569999999999,0.766441,0.7605970000000001,0.779871
0.775409,0.773004,0.767817,0.761977,0.777392
0.779623,0.774269,0.7692060000000001,0.7635850000000001,0.786316
0.781507,0.7756569999999999,0.770935,0.7650060000000001,0.78706
0.782251,0.77588,0.772682,0.766212,0.780615
0.782003,0.777144,0.774021,0.767105,0.778632
0.783391,0.7794,0.775112,0.767807,0.784333
0.782053,0.780838,0.775768,0.768832,0.779623
0.77888,0.780193,0.7758430000000001,0.769546,0.771195
0.7782100000000001,0.780231,0.776072,0.77017,0.7772680000000001
0.778805,0.780404,0.77658,0.771096,0.781606
0.777814,0.780602,0.776803,0.772079,0.779375
0.776574,0.779313,0.776791,0.772575,0.7734260000000001
0.775235,0.777058,0.776357,0.772976,0.764502
0.7706,0.774405,0.775143,0.773256,0.7540899999999999
0.760387,0.7695960000000001,0.77337,0.772546,0.73054
0.746753,0.762283,0.770842,0.770835,0.711205
0.733267,0.754921,0.767879,0.7688189999999999,0.7059989999999999
0.724492,0.7498640000000001,0.765029,0.767183,0.720625
0.721666,0.746133,0.7631819999999999,0.766092,0.7399600000000001
0.723946,0.742167,0.761285,0.765109,0.741943
0.730392,0.738572,0.759587,0.7640600000000001,0.7434310000000001
0.735201,0.734234,0.756774,0.762605,0.7300449999999999
0.7404069999999999,0.732449,0.754753,0.761721,0.746653
0.742985,0.732325,0.753365,0.7608699999999999,0.752851
0.74239,0.733168,0.751382,0.759969,0.738969
0.744869,0.73763,0.749957,0.759771,0.755825
0.748835,0.7420180000000001,0.7484689999999999,0.759259,0.749876
0.749975,0.7451909999999999,0.747527,0.758416,0.752355
0.749678,0.7463310000000001,0.746232,0.7575649999999999,0.751363
0.752405,0.747397,0.7447819999999999,0.756656,0.752603
0.752454,0.748661,0.743617,0.755945,0.756073
0.754536,0.751686,0.7429600000000001,0.755078,0.760288
0.756073,0.753024,0.742737,0.7541770000000001,0.7600399999999999
0.754239,0.751958,0.742142,0.752896,0.7421909999999999
0.755379,0.753892,0.74353,0.752219,0.758304
0.752107,0.7522810000000001,0.744955,0.750731,0.739712
0.746257,0.750397,0.746207,0.749112,0.731036
0.73887,0.747471,0.7463310000000001,0.747509,0.723104
0.734854,0.744546,0.7454390000000001,0.7456699999999999,0.722112
0.723302,0.739341,0.743369,0.7429680000000001,0.700545
0.713882,0.732995,0.7408279999999999,0.7400760000000001,0.692613
0.70828,0.727268,0.739477,0.737729,0.703024
0.7046600000000001,0.721765,0.737395,0.735746,0.7050069999999999
0.702132,0.718493,0.735226,0.734259,0.7094699999999999
0.7061970000000001,0.71475,0.734321,0.733937,0.720873
0.711205,0.712543,0.732412,0.734151,0.71765
0.713535,0.710907,0.7306520000000001,0.734441,0.714675
0.715766,0.710213,0.728842,0.7342920000000001,0.716163
0.7154689999999999,0.7088,0.7266729999999999,0.733226,0.707982
0.712395,0.709296,0.724318,0.732011,0.705503
0.708775,0.70999,0.721492,0.730549,0.699554
0.703619,0.708577,0.717923,0.7291770000000001,0.688894
0.699554,0.7076600000000001,0.714712,0.727483,0.695835
0.695786,0.705627,0.71206,0.725359,0.689142
0.693307,0.702851,0.7088,0.723831,0.693109
0.691472,0.700124,0.706334,0.721649,0.6903819999999999
0.690679,0.697149,0.704028,0.719484,0.684928
0.690828,0.695191,0.702702,0.717625,0.696579
0.693208,0.694497,0.7016479999999999,0.7159479999999999,0.701041
0.696133,0.69472,0.702008,0.7144520000000001,0.707734
0.697819,0.694646,0.702318,0.712543,0.69881
0.7069409999999999,0.69881,0.7036939999999999,0.7115520000000001,0.73054
0.716063,0.703446,0.705553,0.710957,0.7421909999999999
0.722657,0.707933,0.70678,0.710684,0.734011
0.729152,0.712643,0.707747,0.7100810000000001,0.740208
0.7378279999999999,0.717824,0.708974,0.710164,0.7421909999999999
0.740654,0.7237979999999999,0.7104729999999999,0.7106180000000001,0.7446699999999999
0.741398,0.728731,0.711961,0.711378,0.7459100000000001
0.743728,0.733193,0.713845,0.712163,0.7456619999999999
0.7449680000000001,0.73706,0.7158899999999999,0.713692,0.746406
0.7472479999999999,0.742538,0.718592,0.715725,0.753594
0.748042,0.744348,0.721579,0.717245,0.748637
0.745711,0.743555,0.7235,0.71822,0.734259
0.7393649999999999,0.7415470000000001,0.7247399999999999,0.7183689999999999,0.713932
0.735845,0.7404069999999999,0.726525,0.718633,0.728805
0.731433,0.739341,0.728582,0.719096,0.731532
0.7277140000000001,0.7378779999999999,0.730838,0.719608,0.7300449999999999
0.72702,0.736366,0.732548,0.720096,0.730788
0.730838,0.735102,0.734147,0.7209300000000001,0.733019
0.732771,0.734308,0.735684,0.722029,0.7384729999999999
0.73416,0.732796,0.737667,0.723327,0.7384729999999999
0.735697,0.7317060000000001,0.738027,0.724955,0.737729
0.738622,0.7328210000000001,0.7381880000000001,0.726607,0.745414
0.738225,0.734531,0.738039,0.728004,0.731036
0.737779,0.735275,0.737841,0.729441,0.736242
0.734259,0.734209,0.736775,0.7304579999999999,0.720873
0.728309,0.732003,0.734941,0.731226,0.707982
0.7231529999999999,0.730887,0.733627,0.731995,0.719633
0.721368,0.729797,0.732449,0.732697,0.722112
0.719683,0.728731,0.73152,0.733366,0.7278140000000001
0.71765,0.725954,0.729375,0.733763,0.710709
0.718096,0.7232029999999999,0.727454,0.733085,0.710213
0.713684,0.718418,0.7256199999999999,0.731598,0.697571
0.7103119999999999,0.7158399999999999,0.725186,0.73064,0.705255
0.7062470000000001,0.712965,0.72412,0.729549,0.707486
0.706544,0.712097,0.7231529999999999,0.728549,0.712196
0.703272,0.710684,0.721344,0.726855,0.693852
0.6991569999999999,0.7064199999999999,0.718654,0.724558,0.676996
0.693704,0.702008,0.715902,0.722302,0.677987
0.695191,0.700719,0.714725,0.7212529999999999,0.714923
0.69881,0.702677,0.714316,0.720476,0.7302930000000001
0.7062470000000001,0.70476,0.7139810000000001,0.719889,0.731036
0.718047,0.7086020000000001,0.7135100000000001,0.719947,0.7359939999999999
0.731334,0.712519,0.714179,0.720963,0.744422
0.735895,0.715543,0.714254,0.7212609999999999,0.737729
0.736738,0.717774,0.714936,0.72136,0.734507
0.7335149999999999,0.719881,0.715283,0.720856,0.714923
0.72821,0.723128,0.714774,0.720145,0.7094699999999999
0.720178,0.7257560000000001,0.713882,0.719187,0.704264
0.712395,0.7241449999999999,0.712432,0.717865,0.69881
0.699901,0.7183189999999999,0.710498,0.71565,0.672038
0.6894399999999999,0.711477,0.708118,0.713147,0.662618
0.681507,0.704859,0.70673,0.710626,0.6698069999999999
0.666485,0.693332,0.702925,0.70723,0.629152
0.6547350000000001,0.683565,0.699554,0.704024,0.640059
0.649033,0.674467,0.69612,0.701446,0.64353
0.644125,0.666782,0.693332,0.699116,0.638076
0.639365,0.6604359999999999,0.691782,0.696662,0.646009
0.644125,0.655305,0.69053,0.6943560000000001,0.65295
0.648835,0.6517850000000001,0.6879649999999999,0.6922159999999999,0.663609
0.649331,0.6491819999999999,0.683751,0.690059,0.646009
0.654536,0.649331,0.680404,0.688523,0.6641050000000001
0.654983,0.647174,0.676016,0.686878,0.6482399999999999
0.655578,0.6498510000000001,0.6715909999999999,0.685234,0.655925
0.658701,0.653768,0.668666,0.684292,0.679227
0.665047,0.657189,0.665828,0.6831430000000001,0.677739
0.664998,0.659767,0.663275,0.682143,0.6638569999999999
0.66703,0.6610060000000001,0.660721,0.681524,0.658404
0.666733,0.661155,0.65823,0.680739,0.6544369999999999
0.655925,0.657313,0.6545489999999999,0.677747,0.625186
0.643927,0.654487,0.651834,0.673996,0.617749
0.6310859999999999,0.648042,0.648686,0.669617,0.599653
0.621071,0.644051,0.645612,0.665361,0.608329
0.611205,0.638969,0.64441,0.660717,0.605107
0.610263,0.6330939999999999,0.6434310000000001,0.656809,0.620476
0.613981,0.628954,0.643071,0.653537,0.6363409999999999
0.623054,0.62707,0.643418,0.6512060000000001,0.6450170000000001
0.629995,0.625533,0.64327,0.648992,0.643034
0.639415,0.62531,0.6432329999999999,0.647257,0.6522060000000001
0.644224,0.627243,0.642278,0.645447,0.644522
0.646703,0.630342,0.642414,0.64467,0.648736
0.646306,0.63468,0.641361,0.644018,0.643034
0.65528,0.642638,0.6433439999999999,0.644621,0.6879029999999999
0.664452,0.651934,0.645451,0.646918,0.698066
0.672385,0.658304,0.645699,0.648389,0.684184
0.684135,0.665419,0.6471859999999999,0.650521,0.707486
0.699108,0.6727069999999999,0.649888,0.653181,0.7178979999999999
0.707338,0.681309,0.653421,0.655949,0.729053
0.716609,0.69053,0.65792,0.658999,0.744422
0.730689,0.701537,0.6643899999999999,0.662031,0.754586
0.7399600000000001,0.7120479999999999,0.671195,0.665626,0.753842
0.747199,0.7231529999999999,0.678917,0.668625,0.7540899999999999
0.752603,0.72997,0.686304,0.672219,0.756073
0.758156,0.737382,0.694658,0.676095,0.7721859999999999
0.760089,0.7453890000000001,0.701847,0.678929,0.764254
0.760486,0.750223,0.707821,0.6815319999999999,0.755825
0.762419,0.7548090000000001,0.713758,0.684862,0.763758
0.76465,0.758627,0.719968,0.6884899999999999,0.767229
0.7630640000000001,0.76061,0.7255699999999999,0.69215,0.764254
0.763262,0.761676,0.7316060000000001,0.696819,0.765245
0.764849,0.762667,0.7373569999999999,0.7016859999999999,0.763758
0.7618739999999999,0.762147,0.74265,0.7066600000000001,0.748884
0.757759,0.761205,0.745588,0.711271,0.746653
0.756668,0.7598659999999999,0.748624,0.716394,0.7588
0.756817,0.7600399999999999,0.752714,0.721244,0.765989
0.758354,0.761601,0.755912,0.725748,0.771443
0.766882,0.764378,0.7595930000000001,0.730631,0.7915220000000001
0.776996,0.7673770000000001,0.7630020000000001,0.735771,0.7972239999999999
0.785325,0.770997,0.765803,0.740712,0.800446
0.788299,0.772558,0.767117,0.745257,0.780863
0.790878,0.774616,0.768642,0.749777,0.784333
0.788101,0.7774909999999999,0.7698189999999999,0.754264,0.77764
0.785523,0.781259,0.7712319999999999,0.757478,0.784333
0.7809119999999999,0.783118,0.771492,0.7601220000000001,0.777392
0.784829,0.786564,0.773302,0.763998,0.800446
0.792563,0.79172,0.7766609999999999,0.767848,0.8230040000000001
0.800992,0.794546,0.779462,0.7712439999999999,0.819782
0.8087260000000001,0.7971239999999999,0.782251,0.7743760000000001,0.8230040000000001
0.8178979999999999,0.799405,0.785201,0.777004,0.8232520000000001
0.823153,0.803991,0.788275,0.779408,0.826723
0.824888,0.8087260000000001,0.791671,0.782003,0.831681
0.8270700000000001,0.8140310000000001,0.7957609999999999,0.784556,0.8306889999999999
0.827367,0.8180470000000001,0.799653,0.786837,0.824492
0.826723,0.82231,0.802714,0.788432,0.8200299999999999
0.8296979999999999,0.826425,0.806495,0.79101,0.8415959999999999
0.832722,0.8288049999999999,0.810263,0.794042,0.846802
0.8296479999999999,0.8283590000000001,0.811453,0.7957609999999999,0.8153199999999999
0.823649,0.825508,0.811316,0.79667,0.794497
0.820575,0.823649,0.811527,0.798017,0.80466
0.8133859999999999,0.821542,0.812766,0.7993640000000001,0.805652
0.804859,0.81879,0.813758,0.800711,0.804165
0.802132,0.81589,0.81496,0.802471,0.801686
0.804412,0.8140310000000001,0.8160390000000001,0.804446,0.8059
0.8051560000000001,0.812866,0.817588,0.806098,0.808379
0.807635,0.810511,0.8184680000000001,0.807833,0.8180470000000001
0.80828,0.806569,0.8176869999999999,0.809032,0.807387
0.811552,0.8068420000000001,0.8176,0.809916,0.8180470000000001
0.810511,0.807462,0.816485,0.8100310000000001,0.8006939999999999
0.811006,0.808081,0.815865,0.8103779999999999,0.810858
0.806941,0.807288,0.814415,0.81094,0.797719
0.8040649999999999,0.8061729999999999,0.812481,0.81123,0.793009
0.79643,0.803991,0.809941,0.811304,0.779871
0.792067,0.801289,0.80766,0.811122,0.77888
0.7880520000000001,0.799529,0.806197,0.8115680000000001,0.790778
0.7884479999999999,0.7976949999999999,0.804103,0.8115439999999999,0.7997029999999999
0.7931090000000001,0.7985869999999999,0.802578,0.8113199999999999,0.816311
0.799455,0.797942,0.802392,0.811048,0.811601
0.80823,0.800149,0.803805,0.8110390000000001,0.822757
0.8140310000000001,0.801041,0.804561,0.810924,0.819782
0.816163,0.802305,0.804797,0.8103779999999999,0.810362
0.816956,0.805032,0.805602,0.809998,0.8202780000000001
0.8178979999999999,0.8086760000000001,0.806334,0.809519,0.816311
0.814477,0.811353,0.806321,0.808891,0.805652
0.8143779999999999,0.814204,0.806867,0.808866,0.8192860000000001
0.816956,0.816559,0.807127,0.8082550000000001,0.8232520000000001
0.817055,0.817005,0.807796,0.807387,0.820773
0.813585,0.8157409999999999,0.8068420000000001,0.8068420000000001,0.798959
0.8118,0.813138,0.8066439999999999,0.806916,0.796728
0.807189,0.810783,0.805912,0.806635,0.7962319999999999
0.8033710000000001,0.810164,0.806235,0.8065859999999999,0.804165
0.800446,0.808751,0.806891,0.806652,0.806148
0.802181,0.807883,0.80828,0.80685,0.807635
0.8059,0.80885,0.810102,0.807164,0.8153199999999999
0.809122,0.808156,0.81118,0.807296,0.812345
0.811106,0.807238,0.8118989999999999,0.807164,0.81408
0.8165100000000001,0.808478,0.812742,0.8080229999999999,0.833168
0.808875,0.805528,0.810635,0.806404,0.76946
0.792167,0.799033,0.806086,0.804107,0.73178
0.780516,0.7948189999999999,0.802801,0.802215,0.7540899999999999
0.7731279999999999,0.792117,0.80114,0.801529,0.777144
0.763659,0.790084,0.799417,0.801289,0.785821
0.7690130000000001,0.788944,0.798413,0.801834,0.7962319999999999
0.779276,0.785721,0.7972859999999999,0.801975,0.783094
0.78592,0.7832180000000001,0.795687,0.801859,0.787308
0.788994,0.781061,0.79415,0.80162,0.792514
0.7958850000000001,0.779772,0.794125,0.801752,0.8202780000000001
0.80357,0.786292,0.79591,0.80252,0.8346549999999999
0.8124939999999999,0.7958850000000001,0.797459,0.802686,0.827714
0.819435,0.8026770000000001,0.7987479999999999,0.80276,0.8220129999999999
0.826525,0.807759,0.799938,0.803347,0.8279620000000001
0.826475,0.81118,0.800632,0.803338,0.8200299999999999
0.821517,0.812543,0.800744,0.8031229999999999,0.809866
0.817253,0.814874,0.800297,0.803148,0.806396
0.815915,0.817675,0.800446,0.803016,0.8153199999999999
0.813832,0.8201780000000001,0.80062,0.802826,0.817551
0.815121,0.8207979999999999,0.800285,0.803016,0.826475
0.819831,0.820674,0.803483,0.804165,0.8334159999999999
0.826326,0.8217899999999999,0.808837,0.805569,0.8388700000000001
0.8325239999999999,0.824219,0.813448,0.807238,0.846306
0.8356969999999999,0.824765,0.816262,0.808214,0.8334159999999999
0.840902,0.8280120000000001,0.8195959999999999,0.809759,0.852504
0.845166,0.832499,0.822521,0.811329,0.854735
0.8484379999999999,0.837382,0.8261280000000001,0.812659,0.855231
0.852008,0.842266,0.8299700000000001,0.8143859999999999,0.8641549999999999
0.8572139999999999,0.846455,0.833317,0.8158979999999999,0.8594450000000001
0.86118,0.8510409999999999,0.8359200000000001,0.817204,0.8723350000000001
0.863361,0.8542639999999999,0.837469,0.8204100000000001,0.865642
0.864403,0.8564200000000001,0.8391049999999999,0.8246979999999999,0.8604360000000001
0.864849,0.8584280000000001,0.841324,0.828442,0.8663860000000001
0.8649479999999999,0.861081,0.842923,0.831201,0.859941
0.8622709999999999,0.861725,0.8448690000000001,0.8336389999999999,0.858949
0.864403,0.8638819999999999,0.84819,0.8363079999999999,0.876301
0.866683,0.8655430000000001,0.851463,0.839266,0.8718389999999999
0.868914,0.8668819999999999,0.854574,0.842274,0.877541
0.872732,0.86884,0.8576469999999999,0.845158,0.879028
0.877814,0.870042,0.860542,0.8472940000000001,0.884358
0.8790530000000001,0.8717280000000001,0.8629959999999999,0.8488889999999999,0.882499
0.882127,0.8744049999999999,0.8654129999999999,0.850872,0.887209
0.8845069999999999,0.87671,0.867569,0.8531190000000001,0.88944
0.88649,0.879611,0.870346,0.855152,0.8889440000000001
0.8865639999999999,0.8821889999999999,0.871957,0.857309,0.8847299999999999
0.8884479999999999,0.8837510000000001,0.873816,0.860044,0.891919
0.8906299999999999,0.8863780000000001,0.8759610000000001,0.863101,0.898116
0.8916709999999999,0.8880889999999999,0.8774850000000001,0.8657450000000001,0.8946459999999999
0.890183,0.888337,0.8785879999999999,0.867877,0.8815069999999999
0.8906790000000001,0.8886219999999999,0.879332,0.8699020000000001,0.887209
0.890977,0.8897120000000001,0.8807200000000001,0.871901,0.8934059999999999
0.890927,0.8907780000000001,0.882592,0.873868,0.897868
0.889142,0.890407,0.883559,0.875182,0.8857209999999999
0.88592,0.8880520000000001,0.8838309999999999,0.8762479999999999,0.865394
0.884135,0.887407,0.884798,0.877107,0.878285
0.879871,0.885424,0.8845870000000001,0.8776860000000001,0.8720870000000001
0.8759540000000001,0.883441,0.8849100000000001,0.8784540000000001,0.878285
0.875756,0.8824489999999999,0.8852690000000001,0.8791399999999999,0.8847299999999999
0.878483,0.882201,0.8852690000000001,0.879793,0.879028
0.879425,0.8817799999999999,0.885201,0.8801479999999999,0.8829950000000001
0.87997,0.879921,0.884817,0.8804540000000001,0.874814
0.8798219999999999,0.8778879999999999,0.884333,0.881024,0.877541
0.8800690000000001,0.8779129999999999,0.8841600000000001,0.881677,0.885969
0.88116,0.8798219999999999,0.8839370000000001,0.882495,0.884482
0.879574,0.879499,0.883453,0.8830319999999999,0.8750620000000001
0.8801690000000001,0.8800690000000001,0.882747,0.8830809999999999,0.8777889999999999
0.880764,0.880293,0.881867,0.8833709999999999,0.880516
0.878285,0.8791770000000001,0.880813,0.883238,0.873575
0.877194,0.8791770000000001,0.8806889999999999,0.883238,0.879028
0.876748,0.8781610000000001,0.87997,0.8828540000000001,0.8728309999999999
0.870699,0.875434,0.877677,0.881689,0.8475459999999999
0.8612790000000001,0.8710209999999999,0.874455,0.8798959999999999,0.8334159999999999
0.8513629999999999,0.8648239999999999,0.871368,0.877714,0.823996
0.840159,0.858676,0.8692489999999999,0.875516,0.8230040000000001
0.8319290000000001,0.8543379999999999,0.8669190000000001,0.873748,0.831681
0.826574,0.8486370000000001,0.864353,0.8713770000000001,0.820773
0.8250370000000001,0.843158,0.861725,0.868964,0.825731
0.823649,0.837506,0.858342,0.8663770000000001,0.817055
0.8218639999999999,0.831011,0.855094,0.86413,0.81408
0.8192860000000001,0.825607,0.851884,0.861849,0.81879
0.818394,0.822484,0.848959,0.8592790000000001,0.816311
0.816559,0.8207979999999999,0.84591,0.856569,0.816559
0.816658,0.820154,0.8424889999999999,0.854297,0.817551
0.816807,0.8193360000000001,0.8390059999999999,0.852611,0.814824
0.816906,0.818096,0.836217,0.8506450000000001,0.8192860000000001
0.817105,0.817749,0.8331930000000001,0.8488180000000001,0.817303
0.818691,0.817625,0.830392,0.847025,0.824492
0.81294,0.8147989999999999,0.826153,0.843827,0.788795
0.809222,0.813014,0.8220129999999999,0.841068,0.7962319999999999
0.805404,0.8111550000000001,0.818381,0.8383079999999999,0.800198
0.800446,0.808775,0.81563,0.835564,0.792514
0.793208,0.805949,0.8133739999999999,0.8325899999999999,0.788299
0.790084,0.801512,0.810833,0.82883,0.7731779999999999
0.786465,0.7978430000000001,0.808589,0.825285,0.7781359999999999
0.784036,0.79472,0.806408,0.822385,0.7880520000000001
0.783887,0.792167,0.804958,0.819517,0.79177
0.785325,0.789266,0.803446,0.816683,0.795488
0.788696,0.7893899999999999,0.802095,0.8138989999999999,0.790035
0.792712,0.789588,0.801301,0.8112050000000001,0.798215
0.796331,0.790183,0.800669,0.808982,0.806148
0.801091,0.792489,0.800632,0.807916,0.8155680000000001
0.805801,0.795563,0.800756,0.807437,0.819038
0.809767,0.7992319999999999,0.800372,0.806966,0.809866
0.8100149999999999,0.801363,0.799603,0.806181,0.799455
0.810808,0.80357,0.799145,0.805462,0.810114
0.812395,0.806743,0.799455,0.805553,0.8235
0.813634,0.809717,0.799492,0.8055359999999999,0.825235
0.8174520000000001,0.813609,0.8015,0.805933,0.8289540000000001
0.822509,0.816262,0.802925,0.806288,0.8247399999999999
0.8241450000000001,0.817476,0.80383,0.806272,0.818294
0.822211,0.817303,0.8048960000000001,0.806189,0.813832
0.8187409999999999,0.816187,0.805875,0.8059,0.807883
0.8127909999999999,0.815121,0.807176,0.805288,0.799207
0.809817,0.816163,0.808763,0.8051229999999999,0.809866
0.8100149999999999,0.81708,0.810325,0.8051229999999999,0.8192860000000001
0.813832,0.818022,0.8123819999999999,0.8056439999999999,0.8329200000000001
0.819137,0.8189390000000001,0.8143279999999999,0.805974,0.834408
0.8293010000000001,0.8210459999999999,0.8173279999999999,0.8080149999999999,0.850025
0.832276,0.8210459999999999,0.818654,0.8089649999999999,0.8247399999999999
0.8338129999999999,0.8219139999999999,0.8196950000000001,0.809858,0.8269709999999999
0.8278629999999999,0.8208479999999999,0.819075,0.810213,0.8031729999999999
0.822459,0.8207979999999999,0.818493,0.8108489999999999,0.807387
0.813237,0.821269,0.818195,0.811874,0.803917
0.806891,0.819584,0.817873,0.81237,0.793009
0.800248,0.81703,0.817055,0.8125600000000001,0.7937529999999999
0.800099,0.8139810000000001,0.816001,0.8129149999999999,0.802429
0.792018,0.807238,0.8130890000000001,0.8119649999999999,0.766981
0.7845810000000001,0.798909,0.809978,0.811188,0.766733
0.781309,0.7941,0.807573,0.810469,0.776648
0.7756569999999999,0.7879520000000001,0.804933,0.809114,0.765493
0.76827,0.784184,0.802516,0.807445,0.765493
0.766832,0.779425,0.8001119999999999,0.80547,0.759792
0.767328,0.775954,0.798612,0.8041149999999999,0.769212
0.766882,0.774095,0.7968390000000001,0.80328,0.774417
0.7687649999999999,0.772211,0.794621,0.802107,0.774913
0.772682,0.770476,0.792229,0.800826,0.785077
0.775359,0.771096,0.789167,0.799091,0.7731779999999999
0.7765,0.771914,0.785412,0.7972899999999999,0.774913
0.7762020000000001,0.7715420000000001,0.782821,0.795563,0.77293
0.7780859999999999,0.7734260000000001,0.7806890000000001,0.794431,0.784333
0.7787310000000001,0.775706,0.779945,0.7935800000000001,0.788299
0.780764,0.778061,0.7787430000000001,0.792762,0.783342
0.783788,0.780144,0.778049,0.792456,0.790035
0.785275,0.7807390000000001,0.777417,0.7914720000000001,0.780367
0.785176,0.7816310000000001,0.776921,0.790291,0.783837
0.784482,0.781606,0.776041,0.7886880000000001,0.784829
0.783887,0.782325,0.77671,0.786886,0.780367
0.7825979999999999,0.783193,0.7775529999999999,0.784672,0.783589
0.783143,0.784209,0.777876,0.783284,0.783094
0.7824,0.783788,0.7786069999999999,0.781722,0.780119
0.783342,0.7839119999999999,0.779809,0.7812680000000001,0.789539
0.785473,0.78468,0.781371,0.780722,0.791026
0.78592,0.784259,0.782201,0.780119,0.785821
0.786663,0.784903,0.782821,0.7799119999999999,0.786812
0.789093,0.785746,0.7836890000000001,0.779863,0.792266
0.787258,0.7853,0.783453,0.779127,0.780367
0.782201,0.783837,0.783081,0.779086,0.765741
0.776946,0.781433,0.782313,0.778846,0.759544
0.774467,0.780565,0.7823869999999999,0.778772,0.774417
0.770699,0.779896,0.781842,0.779037,0.7734260000000001
0.770055,0.778656,0.781284,0.779425,0.777144
0.773872,0.778037,0.781358,0.780259,0.784829
0.7802180000000001,0.778582,0.78142,0.780995,0.791274
0.783887,0.779177,0.78204,0.781606,0.792762
0.787556,0.779127,0.7824369999999999,0.782168,0.79177
0.7948930000000001,0.782474,0.783887,0.783127,0.813832
0.8017850000000001,0.787828,0.785833,0.784664,0.8192860000000001
0.800099,0.7901590000000001,0.785796,0.784928,0.782846
0.799603,0.791745,0.786155,0.785507,0.790283
0.797868,0.792712,0.786304,0.785465,0.783094
0.791671,0.7932819999999999,0.7859689999999999,0.785283,0.782846
0.787754,0.794769,0.786403,0.785829,0.7997029999999999
0.787655,0.793877,0.78623,0.785573,0.78235
0.786812,0.793208,0.786192,0.785763,0.786068
0.785424,0.791646,0.785387,0.785507,0.776153
0.782003,0.786837,0.784655,0.78487,0.765741
0.774269,0.781011,0.78442,0.784226,0.761031
0.768716,0.778185,0.784172,0.783259,0.754586
0.760238,0.773525,0.7826350000000001,0.781945,0.743679
0.754883,0.770154,0.781433,0.780921,0.74938
0.751215,0.766609,0.779945,0.779516,0.747397
0.748637,0.7614529999999999,0.778111,0.7780859999999999,0.748141
0.748488,0.758602,0.776239,0.7770199999999999,0.753842
0.750025,0.755131,0.77417,0.7758390000000001,0.751363
0.748835,0.751859,0.771753,0.774211,0.7434310000000001
0.746356,0.748785,0.767811,0.772699,0.735002
0.743827,0.746232,0.763622,0.771691,0.735498
0.739514,0.744001,0.761093,0.770782,0.732276
0.734953,0.7424890000000001,0.758007,0.769253,0.728557
0.731978,0.7404069999999999,0.7552800000000001,0.767757,0.728557
0.731829,0.739093,0.752851,0.766328,0.734259
0.73173,0.737779,0.749616,0.764667,0.735002
0.732028,0.735771,0.747186,0.76275,0.733763
0.731433,0.733193,0.744162,0.7605109999999999,0.725583
0.728012,0.729995,0.740927,0.757833,0.711453
0.721715,0.726772,0.737779,0.754132,0.7027760000000001
0.713287,0.7225090000000001,0.73437,0.7499170000000001,0.692861
0.7059,0.718964,0.731482,0.74705,0.6968270000000001
0.699901,0.715667,0.729078,0.7438939999999999,0.695588
0.697967,0.71299,0.726698,0.741183,0.701785
0.6993060000000001,0.710511,0.7248020000000001,0.738737,0.7094699999999999
0.700248,0.706767,0.7222729999999999,0.735333,0.697571
0.699405,0.702652,0.719212,0.732342,0.692613
0.699504,0.699703,0.716448,0.729342,0.696083
0.699058,0.698513,0.714254,0.726789,0.699554
0.6984130000000001,0.69886,0.712816,0.7248060000000001,0.7062470000000001
0.7025779999999999,0.7014130000000001,0.711961,0.7233850000000001,0.718394
0.707883,0.7036439999999999,0.711304,0.7222029999999999,0.719137
0.714576,0.70704,0.711353,0.7217319999999999,0.729549
0.7222609999999999,0.710659,0.711824,0.721352,0.737977
0.730689,0.714551,0.712531,0.721385,0.7483890000000001
0.741646,0.722112,0.71444,0.7222189999999999,0.7731779999999999
0.7527020000000001,0.7302930000000001,0.716472,0.722905,0.774417
0.762667,0.738622,0.719162,0.723839,0.779375
0.771046,0.746653,0.722583,0.725054,0.779871
0.776054,0.753371,0.726116,0.726334,0.7734260000000001
0.775359,0.7585029999999999,0.729958,0.727475,0.7697069999999999
0.776748,0.764725,0.7341840000000001,0.729111,0.781358
0.776648,0.769658,0.738349,0.730788,0.77888
0.776401,0.7737229999999999,0.7421909999999999,0.732457,0.778632
0.7768470000000001,0.77645,0.745501,0.733837,0.7756569999999999
0.776748,0.776054,0.7490829999999999,0.734978,0.769212
0.774269,0.775508,0.7529,0.736151,0.768964
0.773029,0.774839,0.75673,0.737721,0.772682
0.770897,0.773649,0.760151,0.7396050000000001,0.767972
0.768121,0.7724840000000001,0.7629279999999999,0.741572,0.761775
0.767328,0.772038,0.76527,0.743984,0.765245
0.767476,0.7708729999999999,0.767799,0.746414,0.7697069999999999
0.7688649999999999,0.770947,0.770302,0.749215,0.779623
0.770302,0.7706,0.772162,0.7516609999999999,0.775161
0.77293,0.770526,0.7734880000000001,0.753842,0.774913
0.776103,0.7717149999999999,0.773884,0.756627,0.781111
0.778582,0.773029,0.774269,0.75961,0.7821020000000001
0.7780859999999999,0.773475,0.774157,0.762312,0.777144
0.779177,0.77474,0.7741939999999999,0.7650140000000001,0.780615
0.7845310000000001,0.7787310000000001,0.7756069999999999,0.768195,0.801686
0.788597,0.78235,0.7771939999999999,0.7709630000000001,0.801438
0.792514,0.7855479999999999,0.7782100000000001,0.7737149999999999,0.801686
0.79524,0.786663,0.778805,0.775756,0.790778
0.797075,0.788126,0.779363,0.777483,0.789787
0.793009,0.78877,0.779648,0.778582,0.781358
0.791225,0.7899109999999999,0.780813,0.779227,0.792514
0.791274,0.791894,0.782462,0.780144,0.801934
0.7949930000000001,0.795117,0.784296,0.781144,0.80937
0.798215,0.7976449999999999,0.786192,0.782011,0.8059
0.8031229999999999,0.7980659999999999,0.788399,0.783094,0.8059
0.805404,0.7983140000000001,0.7903319999999999,0.784234,0.803917
0.808131,0.7997029999999999,0.792625,0.785374,0.8155680000000001
0.8068420000000001,0.800917,0.79379,0.786176,0.802925
0.804809,0.801512,0.7948189999999999,0.7867460000000001,0.795736
0.802826,0.802975,0.7958729999999999,0.787424,0.795984
0.802033,0.803718,0.7968149999999999,0.7884479999999999,0.79995
0.800892,0.804512,0.798203,0.789812,0.809866
0.8006939999999999,0.803768,0.799442,0.790787,0.801934
0.802132,0.803471,0.800558,0.791952,0.802925
0.804809,0.803818,0.800942,0.793538,0.80937
0.80818,0.805107,0.80171,0.795257,0.816807
0.811353,0.8061229999999999,0.802913,0.7971239999999999,0.825731
0.8118489999999999,0.806272,0.8035939999999999,0.7979510000000001,0.804412
0.806891,0.804512,0.803012,0.79805,0.7781359999999999
0.80114,0.802975,0.802975,0.79824,0.780615
0.795092,0.801636,0.8026770000000001,0.7984220000000001,0.786564
0.788299,0.799826,0.8021689999999999,0.798744,0.79177
0.786515,0.799182,0.801475,0.799355,0.795488
0.791175,0.799033,0.8012520000000001,0.80005,0.801438
0.796381,0.7987609999999999,0.801289,0.800215,0.8066439999999999
0.803669,0.79938,0.802243,0.800934,0.8230040000000001
0.809172,0.798736,0.802429,0.80152,0.8192860000000001
0.815617,0.801066,0.803669,0.802752,0.827714
0.8210209999999999,0.806098,0.805305,0.804041,0.828458
0.825781,0.811081,0.807028,0.8056770000000001,0.830441
0.824839,0.814254,0.807945,0.8065359999999999,0.818294
0.824095,0.816634,0.80823,0.806991,0.8155680000000001
0.821368,0.818493,0.808837,0.807148,0.81408
0.8237979999999999,0.8224100000000001,0.810721,0.808304,0.8406049999999999
0.8289040000000001,0.827343,0.813052,0.809974,0.855974
0.8365889999999999,0.830714,0.8150470000000001,0.8117340000000001,0.856718
0.843332,0.8337129999999999,0.816225,0.8128569999999999,0.849281
0.849826,0.8355969999999999,0.818332,0.814312,0.8465540000000001
0.8508180000000001,0.8373079999999999,0.8217030000000001,0.815973,0.845563
0.848984,0.838944,0.8250120000000001,0.817667,0.846802
0.848686,0.8426379999999999,0.8284459999999999,0.819509,0.855231
0.849033,0.846182,0.831408,0.820881,0.851016
0.85062,0.850223,0.834358,0.822633,0.8544870000000001
0.848835,0.849826,0.836118,0.8237559999999999,0.8366389999999999
0.8471489999999999,0.848066,0.8377049999999999,0.824723,0.838374
0.8435799999999999,0.846133,0.8384229999999999,0.8254090000000001,0.837382
0.840456,0.8447450000000001,0.8392290000000001,0.825731,0.835399
0.8406540000000001,0.8456370000000001,0.8406170000000001,0.827433,0.8554780000000001
0.84234,0.8455879999999999,0.841448,0.829665,0.845067
0.8434799999999999,0.8453149999999999,0.8421290000000001,0.83178,0.844075
0.8448690000000001,0.844224,0.8434309999999999,0.8337049999999999,0.8443229999999999
0.847843,0.84415,0.845166,0.8356549999999999,0.850273
0.846009,0.843332,0.846777,0.837349,0.846306
0.8453149999999999,0.843827,0.846827,0.8386879999999999,0.8415959999999999
0.8465540000000001,0.845017,0.846542,0.840142,0.850273
0.847447,0.846158,0.846145,0.841001,0.848785
0.845563,0.8467030000000001,0.845724,0.84172,0.8408530000000001
0.846306,0.846158,0.8458969999999999,0.842464,0.850025
0.849777,0.8475459999999999,0.846567,0.8434799999999999,0.858949
0.851859,0.8492069999999999,0.847261,0.8444889999999999,0.860684
0.855082,0.8512639999999999,0.847744,0.846042,0.864898
0.859593,0.8525780000000001,0.8483639999999999,0.8476370000000001,0.863411
0.861874,0.85409,0.8487110000000001,0.8492149999999999,0.8614280000000001
0.862667,0.8562219999999999,0.850025,0.849959,0.862915
0.8659399999999999,0.858899,0.851958,0.8506610000000001,0.8770450000000001
0.869559,0.8623200000000001,0.854239,0.8515370000000001,0.8829950000000001
0.873079,0.8663360000000001,0.8565200000000001,0.8525950000000001,0.8810110000000001
0.877343,0.869608,0.857883,0.853801,0.882747
0.88002,0.871344,0.8594450000000001,0.854826,0.876301
0.8792760000000001,0.8726079999999999,0.860907,0.8557100000000001,0.8733270000000001
0.874864,0.8722110000000001,0.8617379999999999,0.8559,0.8609319999999999
0.8727809999999999,0.8729299999999999,0.8627540000000001,0.8565530000000001,0.8706
0.8677239999999999,0.872533,0.8633120000000001,0.8566520000000001,0.8574620000000001
0.8655430000000001,0.8727809999999999,0.864502,0.85761,0.865394
0.864799,0.8720379999999999,0.865469,0.858651,0.869608
0.866138,0.870501,0.866411,0.8596600000000001,0.867625
0.868964,0.870873,0.868604,0.8613040000000001,0.8847299999999999
0.8747149999999999,0.8712200000000001,0.8704139999999999,0.8623290000000001,0.886217
0.8800690000000001,0.872806,0.872075,0.863899,0.892167
0.88592,0.875359,0.873984,0.865725,0.89886
0.893009,0.879574,0.875892,0.867683,0.9030739999999999
0.898314,0.883639,0.878285,0.8697159999999999,0.9112540000000001
0.9034709999999999,0.889093,0.880813,0.8719049999999999,0.911998
0.907883,0.893976,0.8833790000000001,0.8743270000000001,0.9142290000000001
0.909717,0.897819,0.884928,0.876252,0.908032
0.9112540000000001,0.9021319999999999,0.886316,0.878318,0.910759
0.9122459999999999,0.90528,0.888076,0.8808299999999999,0.916212
0.9141299999999999,0.9088,0.8900100000000001,0.883209,0.9214180000000001
0.916063,0.9119729999999999,0.89239,0.885374,0.923897
0.9201540000000001,0.9149360000000001,0.8951469999999999,0.887634,0.928483
0.923475,0.917365,0.8984690000000001,0.889717,0.927367
0.926351,0.919298,0.9014690000000001,0.891956,0.9305899999999999
0.9266479999999999,0.9203889999999999,0.904741,0.8940049999999999,0.922905
0.9269959999999999,0.921529,0.907753,0.8960959999999999,0.925632
0.9250370000000001,0.922595,0.910207,0.8974840000000001,0.918691
0.9235,0.9234879999999999,0.91281,0.8987069999999999,0.919683
0.918542,0.9224469999999999,0.9138629999999999,0.899533,0.905801
0.917898,0.922273,0.915537,0.9007639999999999,0.919683
0.9149229999999999,0.920959,0.916466,0.901913,0.910759
0.9122459999999999,0.918642,0.916789,0.9029790000000001,0.9053049999999999
0.915171,0.919336,0.91835,0.905425,0.934308
0.919534,0.9190379999999999,0.919168,0.907325,0.927615
0.9227069999999999,0.9203020000000001,0.9203459999999999,0.9099280000000001,0.9355479999999999
0.927516,0.92122,0.921375,0.912242,0.9348040000000001
0.933019,0.922633,0.9226139999999999,0.914349,0.9328209999999999
0.92945,0.9223100000000001,0.922899,0.915977,0.91646
0.9269209999999999,0.923228,0.9228370000000001,0.916985,0.9149729999999999
0.922905,0.9228059999999999,0.9225399999999999,0.91796,0.9154690000000001
0.920178,0.923847,0.9224030000000001,0.918927,0.92117
0.9181459999999999,0.925583,0.922112,0.9197200000000001,0.922657
0.920575,0.9250120000000001,0.9221739999999999,0.9205709999999999,0.928607
0.921765,0.924343,0.921691,0.9208930000000001,0.9209219999999999
0.925434,0.92417,0.9222360000000001,0.9216200000000001,0.9338129999999999
0.928359,0.924269,0.922744,0.9223389999999999,0.935796
0.931185,0.924665,0.9236489999999999,0.923298,0.936787
0.932623,0.926599,0.9244549999999999,0.924132,0.935796
0.937531,0.9296479999999999,0.9264379999999999,0.925107,0.945464
0.939415,0.932424,0.927615,0.9258350000000001,0.943233
0.9425379999999999,0.935449,0.9296479999999999,0.926752,0.951413
0.948141,0.9396629999999999,0.932623,0.9279620000000001,0.964799
0.956817,0.9447200000000001,0.934866,0.929689,0.9791770000000001
0.9631629999999999,0.9503469999999999,0.9373450000000001,0.931243,0.977194
0.96946,0.9544370000000001,0.9393030000000001,0.9329700000000001,0.974715
0.973922,0.9582299999999999,0.941249,0.934573,0.973723
